{
  "imageWidth": 800,
  "imageHeight": 600,
  "focalDistance": 5.0,
  "samplesPerPixel": 1,
  "camera": {
    "position": [0.0, 2.0, -8.0],
    "direction": [0.0, -0.1, 1.0],
    "normalUp": [0.0, 1.0, 0.0],
    "angleOfVision": 60.0
  },
  "rayMaxBounces": 3,
  "backgroundColor": [0.1, 0.1, 0.15],
  "ambientLight": [0.05, 0.05, 0.05],
  "materials": [
    {
      "id": "red_matte",
      "color": [1.0, 0.2, 0.2],
      "diffuseCoefficient": 0.9,
      "specularCoefficient": 0.2,
      "specularHardness": 30,
      "reflectivity": 0.0
    },
    {
      "id": "blue_shiny",
      "color": [0.2, 0.4, 1.0],
      "diffuseCoefficient": 0.6,
      "specularCoefficient": 0.8,
      "specularHardness": 150,
      "reflectivity": 0.4
    },
    {
      "id": "green_reflective",
      "color": [0.2, 1.0, 0.3],
      "diffuseCoefficient": 0.5,
      "specularCoefficient": 0.6,
      "specularHardness": 80,
      "reflectivity": 0.6
    },
    {
      "id": "floor_gray",
      "color": [0.6, 0.6, 0.6],
      "diffuseCoefficient": 0.95,
      "specularCoefficient": 0.05,
      "specularHardness": 20,
      "reflectivity": 0.05
    }
  ],
  "lights": [
    {
      "type": "directional",
      "color": [1.0, 0.98, 0.9],
      "intensity": 0.8,
      "direction": [-0.3, -1.0, 0.5]
    },
    {
      "type": "point",
      "color": [0.9, 0.9, 1.0],
      "intensity": 0.6,
      "position": [-3.0, 4.0, -2.0]
    }
  ],
  "primitives": [
    {
      "type": "sphere",
      "name": "RedSphere",
      "materialId": "red_matte",
      "position": [-1.5, 1.0, 2.0],
      "radius": 1.0
    },
    {
      "type": "sphere",
      "name": "BlueSphere",
      "materialId": "blue_shiny",
      "position": [1.5, 1.2, 1.0],
      "radius": 1.2
    },
    {
      "type": "sphere",
      "name": "GreenSphere",
      "materialId": "green_reflective",
      "position": [0.0, 0.7, 4.0],
      "radius": 0.7
    },
    {
      "type": "plane",
      "name": "Floor",
      "materialId": "floor_gray",
      "position": [0.0, 0.0, 0.0],
      "normal": [0.0, 1.0, 0.0]
    }
  ]
}
