{
  "imageWidth": 800,
  "imageHeight": 600,
  "focalDistance": 5.0,
  "samplesPerPixel": 1,
  "camera": {
    "position": [0.0, 1.0, -5.0],
    "direction": [0.0, 0.0, 1.0],
    "normalUp": [0.0, 1.0, 0.0],
    "angleOfVision": 60.0
  },
  "rayMaxBounces": 3,
  "backgroundColor": [0.2, 0.3, 0.5],
  "ambientLight": [0.1, 0.1, 0.1],
  "materials": [
    {
      "id": "red",
      "color": [1.0, 0.0, 0.0],
      "diffuseCoefficient": 0.8,
      "specularCoefficient": 0.5,
      "specularHardness": 50,
      "reflectivity": 0.3
    },
    {
      "id": "green",
      "color": [0.0, 1.0, 0.0],
      "diffuseCoefficient": 0.7,
      "specularCoefficient": 0.6,
      "specularHardness": 100,
      "reflectivity": 0.0
    },
    {
      "id": "floor",
      "color": [0.7, 0.7, 0.7],
      "diffuseCoefficient": 0.9,
      "specularCoefficient": 0.1,
      "specularHardness": 30,
      "reflectivity": 0.1
    }
  ],
  "lights": [
    {
      "type": "point",
      "color": [1.0, 1.0, 1.0],
      "intensity": 1.0,
      "position": [5.0, 10.0, -5.0]
    }
  ],
  "primitives": [
    {
      "type": "sphere",
      "name": "RedSphere",
      "materialId": "red",
      "position": [0.0, 1.0, 0.0],
      "radius": 1.0
    },
    {
      "type": "sphere",
      "name": "GreenSphere",
      "materialId": "green",
      "position": [-2.5, 0.8, 1.0],
      "radius": 0.8
    },
    {
      "type": "plane",
      "name": "Floor",
      "materialId": "floor",
      "position": [0.0, 0.0, 0.0],
      "normal": [0.0, 1.0, 0.0]
    }
  ]
}
